FullDate,AwayTeam,HomeTeam,Projected_Winner,Confidence
2025-11-20,Bills,Texans,Bills,85.0
2025-11-20,Bills,Texans,Bills,86.0
2025-11-20,Bills,Texans,Bills,86.0
2025-11-20,Bills,Texans,Bills,86.0
2025-11-20,Bills,Texans,Bills,62.83339148242788
2025-11-20,Bills,Texans,Bills,61.96446569204659
2025-11-20,Bills,Texans,Bills,62.1253190198925
2025-11-20,Bills,Texans,Bills,61.42074940910355
2025-11-23,Falcons,Saints,Falcons,88.1084229390681
2025-11-23,Falcons,Saints,Falcons,89.59229390681003
2025-11-23,Falcons,Saints,Falcons,89.1084229390681
2025-11-23,Falcons,Saints,Falcons,89.59229390681003
2025-11-23,Eagles,Cowboys,Eagles,84.55497382198953
2025-11-23,Eagles,Cowboys,Eagles,86.09938493849384
2025-11-23,Eagles,Cowboys,Eagles,85.0
2025-11-23,Eagles,Cowboys,Eagles,87.8998899889989
2025-11-23,Jaguars,Cardinals,Jaguars,84.68421052631578
2025-11-23,Jaguars,Cardinals,Jaguars,88.12865497076024
2025-11-23,Jaguars,Cardinals,Jaguars,86.0
2025-11-23,Jaguars,Cardinals,Jaguars,88.5584229390681
2025-11-23,Seahawks,Titans,Seahawks,90.41666666666667
2025-11-23,Seahawks,Titans,Seahawks,90.41666666666667
2025-11-23,Seahawks,Titans,Seahawks,87.41666666666667
2025-11-23,Seahawks,Titans,Seahawks,87.41666666666667
2025-11-23,Patriots,Bengals,Patriots,83.86418434830532
2025-11-23,Patriots,Bengals,Patriots,86.23918434830532
2025-11-23,Patriots,Bengals,Patriots,83.86418434830532
2025-11-23,Patriots,Bengals,Patriots,86.23918434830532
2025-11-23,Vikings,Packers,Vikings,86.77508960573476
2025-11-23,Vikings,Packers,Vikings,87.77508960573476
2025-11-23,Vikings,Packers,Vikings,87.5584229390681
2025-11-23,Vikings,Packers,Vikings,88.17562724014337
2025-11-23,Giants,Lions,Giants,85.0
2025-11-23,Giants,Lions,Giants,86.69175627240143
2025-11-23,Giants,Lions,Giants,87.5
2025-11-23,Giants,Lions,Giants,86.77508960573476
2025-11-23,Buccaneers,Rams,Buccaneers,85.55497382198953
2025-11-23,Buccaneers,Rams,Buccaneers,85.89125122189638
2025-11-23,Buccaneers,Rams,Buccaneers,85.55497382198953
2025-11-23,Buccaneers,Rams,Buccaneers,85.89125122189638
2025-11-23,Steelers,Bears,Steelers,84.17997382198953
2025-11-23,Steelers,Bears,Steelers,85.89125122189638
2025-11-23,Steelers,Bears,Steelers,85.0
2025-11-23,Steelers,Bears,Steelers,87.77508960573476
2025-11-23,Browns,Raiders,Browns,87.92562724014337
2025-11-23,Browns,Raiders,Browns,89.13376095674083
2025-11-23,Browns,Raiders,Browns,89.59229390681003
2025-11-23,Browns,Raiders,Browns,89.80042762340749
2025-11-23,Jets,Ravens,Ravens,74.24812897021913
2025-11-23,Jets,Ravens,Ravens,75.17832923701758
2025-11-23,Jets,Ravens,Ravens,74.8233370115745
2025-11-23,Jets,Ravens,Ravens,75.54290795253624
2025-11-23,Buccaneers,Rams,Rams,73.29138072688995
2025-11-23,Buccaneers,Rams,Rams,76.08897969808476
2025-11-23,Buccaneers,Rams,Rams,72.98831955337953
2025-11-23,Buccaneers,Rams,Rams,75.90034591699059
2025-11-23,Steelers,Bears,Bears,63.23161448323902
2025-11-23,Steelers,Bears,Bears,68.04808998817848
2025-11-23,Steelers,Bears,Bears,59.186267549917204
2025-11-23,Steelers,Bears,Bears,61.79597147120142
2025-11-23,Patriots,Bengals,Patriots,72.52136426081329
2025-11-23,Patriots,Bengals,Patriots,72.35742372033448
2025-11-23,Patriots,Bengals,Patriots,70.98647541865137
2025-11-23,Patriots,Bengals,Patriots,70.22022815291974
2025-11-23,Vikings,Packers,Packers,68.5707069809637
2025-11-23,Vikings,Packers,Packers,68.71774081234139
2025-11-23,Vikings,Packers,Packers,67.77320561781976
2025-11-23,Vikings,Packers,Packers,67.67456011438398
2025-11-23,Colts,Chiefs,Colts,65.29682787560434
2025-11-23,Colts,Chiefs,Colts,65.71489024762433
2025-11-23,Colts,Chiefs,Colts,64.18418728744847
2025-11-23,Colts,Chiefs,Colts,65.01276552281145
2025-11-23,Eagles,Cowboys,Eagles,65.13982491052589
2025-11-23,Eagles,Cowboys,Eagles,55.39445321485883
2025-11-23,Eagles,Cowboys,Eagles,66.54711112103244
2025-11-23,Eagles,Cowboys,Eagles,59.118055546753865
2025-11-23,Giants,Lions,Lions,73.64442517778136
2025-11-23,Giants,Lions,Lions,78.5997711240655
2025-11-23,Giants,Lions,Lions,73.96611708399656
2025-11-23,Giants,Lions,Lions,78.96190794864275
2025-11-23,Browns,Raiders,Raiders,65.45696618483873
2025-11-23,Browns,Raiders,Raiders,66.34236620405473
2025-11-23,Browns,Raiders,Raiders,65.32094680710948
2025-11-23,Browns,Raiders,Raiders,66.20634682632547
2025-11-23,Jaguars,Cardinals,Jaguars,59.60043219277373
2025-11-23,Jaguars,Cardinals,Jaguars,58.342808015896594
2025-11-23,Jaguars,Cardinals,Jaguars,61.531835440455076
2025-11-23,Jaguars,Cardinals,Jaguars,57.75215603853449
2025-11-23,Seahawks,Titans,Seahawks,74.89840896369833
2025-11-23,Seahawks,Titans,Seahawks,75.38730510743311
2025-11-23,Seahawks,Titans,Seahawks,73.69504601695762
2025-11-23,Seahawks,Titans,Seahawks,74.1839421606924
2025-11-23,Colts,Chiefs,Colts,85.17997382198953
2025-11-23,Colts,Chiefs,Colts,85.17997382198953
2025-11-23,Colts,Chiefs,Colts,87.0
2025-11-23,Colts,Chiefs,Colts,86.0
2025-11-23,Jets,Ravens,Jets,87.77508960573476
2025-11-23,Jets,Ravens,Jets,87.77508960573476
2025-11-23,Jets,Ravens,Jets,87.77508960573476
2025-11-23,Jets,Ravens,Jets,87.77508960573476
2025-11-23,Falcons,Saints,Saints,53.16677090713164
2025-11-23,Falcons,Saints,Saints,53.69435782295354
2025-11-23,Falcons,Saints,Saints,52.845630043425516
2025-11-23,Falcons,Saints,Saints,53.37321695924741
2025-11-24,Panthers,49ers,Panthers,85.89125122189638
2025-11-24,Panthers,49ers,Panthers,85.89125122189638
2025-11-24,Panthers,49ers,Panthers,87.69175627240143
2025-11-24,Panthers,49ers,Panthers,87.69175627240143
2025-11-24,Panthers,49ers,49ers,66.43227398391574
2025-11-24,Panthers,49ers,49ers,64.6680403891971
2025-11-24,Panthers,49ers,49ers,61.41079125916594
2025-11-24,Panthers,49ers,49ers,60.24321986731069
2025-11-27,Bengals,Ravens,Bengals,87.76318484383
2025-11-27,Bengals,Ravens,Bengals,88.38376095674083
2025-11-27,Bengals,Ravens,Bengals,90.1084229390681
2025-11-27,Bengals,Ravens,Bengals,89.80042762340749
2025-11-27,Chiefs,Cowboys,Chiefs,88.38376095674083
2025-11-27,Chiefs,Cowboys,Chiefs,88.38376095674083
2025-11-27,Chiefs,Cowboys,Chiefs,89.80042762340749
2025-11-27,Chiefs,Cowboys,Chiefs,89.80042762340749
2025-11-27,Packers,Lions,Packers,88.38376095674083
2025-11-27,Packers,Lions,Packers,88.38376095674083
2025-11-27,Packers,Lions,Packers,89.80042762340749
2025-11-27,Packers,Lions,Packers,89.80042762340749
2025-11-27,Bengals,Ravens,Ravens,68.42099306183324
2025-11-27,Bengals,Ravens,Ravens,67.49824306391032
2025-11-27,Bengals,Ravens,Ravens,67.58118723659052
2025-11-27,Bengals,Ravens,Ravens,66.65843723866759
2025-11-27,Chiefs,Cowboys,Cowboys,51.720984166505914
2025-11-27,Chiefs,Cowboys,Cowboys,52.2472520576286
2025-11-27,Chiefs,Cowboys,Cowboys,54.226692307374066
2025-11-27,Chiefs,Cowboys,Cowboys,54.75296019849677
2025-11-27,Packers,Lions,Lions,51.17910255664431
2025-11-27,Packers,Lions,Lions,51.17910255664431
2025-11-27,Packers,Lions,Lions,52.66155869699518
2025-11-27,Packers,Lions,Lions,52.66155869699518
2025-11-28,Bears,Eagles,Bears,89.31655665566556
2025-11-28,Bears,Eagles,Bears,89.80042762340749
2025-11-28,Bears,Eagles,Bears,90.31655665566556
2025-11-28,Bears,Eagles,Bears,89.80042762340749
2025-11-28,Bears,Eagles,Eagles,63.39738919910191
2025-11-28,Bears,Eagles,Eagles,63.043377109704615
2025-11-28,Bears,Eagles,Eagles,63.39738919910191
2025-11-28,Bears,Eagles,Eagles,63.043377109704615
2025-11-30,Broncos,Commanders,Broncos,74.21386994795014
2025-11-30,Broncos,Commanders,Broncos,68.79120605867404
2025-11-30,Broncos,Commanders,Broncos,74.18227246349366
2025-11-30,Broncos,Commanders,Broncos,67.52494026204052
2025-11-30,Raiders,Chargers,Chargers,75.08371753245981
2025-11-30,Raiders,Chargers,Chargers,73.7675574994276
2025-11-30,Raiders,Chargers,Chargers,74.48306568652886
2025-11-30,Raiders,Chargers,Chargers,73.48100751045564
2025-11-30,Cardinals,Buccaneers,Buccaneers,72.67823783987909
2025-11-30,Cardinals,Buccaneers,Buccaneers,70.88327387043884
2025-11-30,Cardinals,Buccaneers,Buccaneers,72.15649247621653
2025-11-30,Cardinals,Buccaneers,Buccaneers,70.27563036373527
2025-11-30,49ers,Browns,49ers,61.16205255342151
2025-11-30,49ers,Browns,49ers,59.24001607173507
2025-11-30,49ers,Browns,49ers,58.60717921832782
2025-11-30,49ers,Browns,49ers,56.68514273664139
2025-11-30,Texans,Colts,Colts,70.43504625969084
2025-11-30,Texans,Colts,Colts,69.86004625969083
2025-11-30,Texans,Colts,Colts,70.48793109645466
2025-11-30,Texans,Colts,Colts,69.91293109645466
2025-11-30,Bills,Steelers,Bills,90.80042762340749
2025-11-30,Bills,Steelers,Bills,90.80042762340749
2025-11-30,Bills,Steelers,Bills,89.80042762340749
2025-11-30,Bills,Steelers,Bills,89.80042762340749
2025-11-30,Raiders,Chargers,Raiders,88.8998899889989
2025-11-30,Raiders,Chargers,Raiders,87.8998899889989
2025-11-30,Raiders,Chargers,Raiders,89.84433443344334
2025-11-30,Raiders,Chargers,Raiders,88.84433443344334
2025-11-30,Vikings,Seahawks,Vikings,88.98322332233222
2025-11-30,Vikings,Seahawks,Vikings,87.98322332233222
2025-11-30,Vikings,Seahawks,Vikings,90.80042762340749
2025-11-30,Vikings,Seahawks,Vikings,89.80042762340749
2025-11-30,Jaguars,Titans,Jaguars,91.31655665566556
2025-11-30,Jaguars,Titans,Jaguars,89.80042762340749
2025-11-30,Jaguars,Titans,Jaguars,91.31655665566556
2025-11-30,Jaguars,Titans,Jaguars,89.80042762340749
2025-11-30,Vikings,Seahawks,Seahawks,68.25452704298341
2025-11-30,Vikings,Seahawks,Seahawks,67.83104570831973
2025-11-30,Vikings,Seahawks,Seahawks,67.33832870335205
2025-11-30,Vikings,Seahawks,Seahawks,66.91484736868836
2025-11-30,Texans,Colts,Texans,88.38376095674083
2025-11-30,Texans,Colts,Texans,88.38376095674083
2025-11-30,Texans,Colts,Texans,89.80042762340749
2025-11-30,Texans,Colts,Texans,89.80042762340749
2025-11-30,Jaguars,Titans,Jaguars,65.66205205257937
2025-11-30,Jaguars,Titans,Jaguars,61.84176479552853
2025-11-30,Jaguars,Titans,Jaguars,62.59270210278637
2025-11-30,Jaguars,Titans,Jaguars,58.77241484573551
2025-11-30,Saints,Dolphins,Saints,87.9157630048719
2025-11-30,Saints,Dolphins,Saints,88.84433443344334
2025-11-30,Saints,Dolphins,Saints,88.38376095674083
2025-11-30,Saints,Dolphins,Saints,88.38376095674083
2025-11-30,Falcons,Jets,Jets,56.33504620485854
2025-11-30,Falcons,Jets,Jets,56.43335368489103
2025-11-30,Falcons,Jets,Jets,56.52671748835822
2025-11-30,Falcons,Jets,Jets,56.62502496839071
2025-11-30,Saints,Dolphins,Dolphins,71.01802540715593
2025-11-30,Saints,Dolphins,Dolphins,71.01802540715593
2025-11-30,Saints,Dolphins,Dolphins,73.11335799478276
2025-11-30,Saints,Dolphins,Dolphins,73.11335799478276
2025-11-30,Cardinals,Buccaneers,Cardinals,88.17562724014337
2025-11-30,Cardinals,Buccaneers,Cardinals,88.38376095674083
2025-11-30,Cardinals,Buccaneers,Cardinals,89.59229390681003
2025-11-30,Cardinals,Buccaneers,Cardinals,89.80042762340749
2025-11-30,Rams,Panthers,Rams,90.31655665566556
2025-11-30,Rams,Panthers,Rams,89.80042762340749
2025-11-30,Rams,Panthers,Rams,90.31655665566556
2025-11-30,Rams,Panthers,Rams,89.80042762340749
2025-11-30,Bills,Steelers,Steelers,52.22827732220914
2025-11-30,Bills,Steelers,Steelers,51.19573859815617
2025-11-30,Bills,Steelers,Steelers,52.22827732220914
2025-11-30,Bills,Steelers,Steelers,51.19573859815617
2025-11-30,49ers,Browns,49ers,90.31655665566556
2025-11-30,49ers,Browns,49ers,89.80042762340749
2025-11-30,49ers,Browns,49ers,90.31655665566556
2025-11-30,49ers,Browns,49ers,89.80042762340749
2025-11-30,Rams,Panthers,Rams,50.77525977943832
2025-11-30,Rams,Panthers,Rams,50.17663158480477
2025-11-30,Rams,Panthers,Rams,50.77525977943832
2025-11-30,Rams,Panthers,Rams,50.17663158480477
2025-11-30,Broncos,Commanders,Broncos,87.6842105263158
2025-11-30,Broncos,Commanders,Broncos,90.12865497076024
2025-11-30,Broncos,Commanders,Broncos,88.41666666666667
2025-11-30,Broncos,Commanders,Broncos,91.31655665566556
2025-11-30,Falcons,Jets,Falcons,88.38376095674083
2025-11-30,Falcons,Jets,Falcons,88.38376095674083
2025-11-30,Falcons,Jets,Falcons,89.80042762340749
2025-11-30,Falcons,Jets,Falcons,89.80042762340749
2025-12-01,Giants,Patriots,Giants,88.38376095674083
2025-12-01,Giants,Patriots,Giants,88.38376095674083
2025-12-01,Giants,Patriots,Giants,89.80042762340749
2025-12-01,Giants,Patriots,Giants,89.80042762340749
2025-12-01,Giants,Patriots,Patriots,81.81782341892877
2025-12-01,Giants,Patriots,Patriots,78.75649657269764
2025-12-01,Giants,Patriots,Patriots,81.38825211534171
2025-12-01,Giants,Patriots,Patriots,78.32692526911057
2025-12-04,Cowboys,Lions,Lions,61.73650027198075
2025-12-04,Cowboys,Lions,Lions,61.33650027198077
2025-12-04,Cowboys,Lions,Lions,61.33650027198077
2025-12-04,Cowboys,Lions,Lions,61.33650027198077
2025-12-04,Cowboys,Lions,Cowboys,89.80042762340749
2025-12-04,Cowboys,Lions,Cowboys,89.80042762340749
2025-12-04,Cowboys,Lions,Cowboys,89.80042762340749
2025-12-04,Cowboys,Lions,Cowboys,89.80042762340749
2025-12-07,Bears,Packers,Packers,54.11790345150697
2025-12-07,Bears,Packers,Packers,54.34438194613062
2025-12-07,Bears,Packers,Packers,54.34438194613062
2025-12-07,Bears,Packers,Packers,54.34438194613062
2025-12-07,Dolphins,Jets,Jets,50.34938502936118
2025-12-07,Dolphins,Jets,Jets,51.12184011918154
2025-12-07,Dolphins,Jets,Jets,50.34938502936118
2025-12-07,Dolphins,Jets,Jets,51.12184011918154
2025-12-07,Titans,Browns,Browns,70.63568836302275
2025-12-07,Titans,Browns,Browns,70.20038272950985
2025-12-07,Titans,Browns,Browns,70.20038272950985
2025-12-07,Titans,Browns,Browns,70.20038272950985
2025-12-07,Steelers,Ravens,Ravens,53.818840582892804
2025-12-07,Steelers,Ravens,Ravens,53.818840582892804
2025-12-07,Steelers,Ravens,Ravens,53.818840582892804
2025-12-07,Steelers,Ravens,Ravens,53.818840582892804
2025-12-07,Rams,Cardinals,Rams,59.25498827737371
2025-12-07,Rams,Cardinals,Rams,59.25498827737371
2025-12-07,Rams,Cardinals,Rams,59.25498827737371
2025-12-07,Rams,Cardinals,Rams,59.25498827737371
2025-12-07,Seahawks,Falcons,Seahawks,57.71695307974844
2025-12-07,Seahawks,Falcons,Seahawks,57.71695307974844
2025-12-07,Seahawks,Falcons,Seahawks,57.71695307974844
2025-12-07,Seahawks,Falcons,Seahawks,57.71695307974844
2025-12-07,Broncos,Raiders,Broncos,60.22804694904404
2025-12-07,Broncos,Raiders,Broncos,60.22804694904404
2025-12-07,Broncos,Raiders,Broncos,60.22804694904404
2025-12-07,Broncos,Raiders,Broncos,60.22804694904404
2025-12-07,Texans,Chiefs,Chiefs,56.263445983725504
2025-12-07,Texans,Chiefs,Chiefs,55.8634459837255
2025-12-07,Texans,Chiefs,Chiefs,55.8634459837255
2025-12-07,Texans,Chiefs,Chiefs,55.8634459837255
2025-12-07,Saints,Buccaneers,Buccaneers,75.00988926469118
2025-12-07,Saints,Buccaneers,Buccaneers,74.82051859052788
2025-12-07,Saints,Buccaneers,Buccaneers,74.82051859052788
2025-12-07,Saints,Buccaneers,Buccaneers,74.82051859052788
2025-12-07,Seahawks,Falcons,Seahawks,89.80042762340749
2025-12-07,Seahawks,Falcons,Seahawks,89.80042762340749
2025-12-07,Seahawks,Falcons,Seahawks,89.80042762340749
2025-12-07,Seahawks,Falcons,Seahawks,89.80042762340749
2025-12-07,Bengals,Bills,Bills,72.79693579020892
2025-12-07,Bengals,Bills,Bills,72.79693579020892
2025-12-07,Bengals,Bills,Bills,72.79693579020892
2025-12-07,Bengals,Bills,Bills,72.79693579020892
2025-12-07,Rams,Cardinals,Rams,89.80042762340749
2025-12-07,Rams,Cardinals,Rams,89.80042762340749
2025-12-07,Rams,Cardinals,Rams,89.80042762340749
2025-12-07,Rams,Cardinals,Rams,89.80042762340749
2025-12-07,Bears,Packers,Bears,89.80042762340749
2025-12-07,Bears,Packers,Bears,89.80042762340749
2025-12-07,Bears,Packers,Bears,89.80042762340749
2025-12-07,Bears,Packers,Bears,89.80042762340749
2025-12-07,Dolphins,Jets,Dolphins,89.80042762340749
2025-12-07,Dolphins,Jets,Dolphins,89.80042762340749
2025-12-07,Dolphins,Jets,Dolphins,89.80042762340749
2025-12-07,Dolphins,Jets,Dolphins,89.80042762340749
2025-12-07,Commanders,Vikings,Commanders,88.59229390681003
2025-12-07,Commanders,Vikings,Commanders,89.80042762340749
2025-12-07,Commanders,Vikings,Commanders,89.59229390681003
2025-12-07,Commanders,Vikings,Commanders,89.80042762340749
2025-12-07,Colts,Jaguars,Colts,88.80042762340749
2025-12-07,Colts,Jaguars,Colts,89.80042762340749
2025-12-07,Colts,Jaguars,Colts,89.80042762340749
2025-12-07,Colts,Jaguars,Colts,89.80042762340749
2025-12-07,Broncos,Raiders,Broncos,89.80042762340749
2025-12-07,Broncos,Raiders,Broncos,89.80042762340749
2025-12-07,Broncos,Raiders,Broncos,89.80042762340749
2025-12-07,Broncos,Raiders,Broncos,89.80042762340749
2025-12-07,Bengals,Bills,Bengals,89.80042762340749
2025-12-07,Bengals,Bills,Bengals,89.80042762340749
2025-12-07,Bengals,Bills,Bengals,89.80042762340749
2025-12-07,Bengals,Bills,Bengals,89.80042762340749
2025-12-07,Saints,Buccaneers,Saints,89.80042762340749
2025-12-07,Saints,Buccaneers,Saints,89.80042762340749
2025-12-07,Saints,Buccaneers,Saints,89.80042762340749
2025-12-07,Saints,Buccaneers,Saints,89.80042762340749
2025-12-07,Texans,Chiefs,Texans,89.80042762340749
2025-12-07,Texans,Chiefs,Texans,89.80042762340749
2025-12-07,Texans,Chiefs,Texans,89.80042762340749
2025-12-07,Texans,Chiefs,Texans,89.80042762340749
2025-12-07,Steelers,Ravens,Steelers,89.80042762340749
2025-12-07,Steelers,Ravens,Steelers,89.80042762340749
2025-12-07,Steelers,Ravens,Steelers,89.80042762340749
2025-12-07,Steelers,Ravens,Steelers,89.80042762340749
2025-12-07,Colts,Jaguars,Jaguars,50.180511272338094
2025-12-07,Colts,Jaguars,Jaguars,50.180511272338094
2025-12-07,Colts,Jaguars,Jaguars,50.180511272338094
2025-12-07,Colts,Jaguars,Jaguars,50.180511272338094
2025-12-07,Commanders,Vikings,Vikings,66.60117892280697
2025-12-07,Commanders,Vikings,Vikings,65.64049830777425
2025-12-07,Commanders,Vikings,Vikings,66.60117892280697
2025-12-07,Commanders,Vikings,Vikings,65.64049830777425
2025-12-07,Titans,Browns,Titans,89.80042762340749
2025-12-07,Titans,Browns,Titans,89.80042762340749
2025-12-07,Titans,Browns,Titans,89.80042762340749
2025-12-07,Titans,Browns,Titans,89.80042762340749
2025-12-08,Eagles,Chargers,Eagles,88.80042762340749
2025-12-08,Eagles,Chargers,Eagles,89.80042762340749
2025-12-08,Eagles,Chargers,Eagles,89.80042762340749
2025-12-08,Eagles,Chargers,Eagles,89.80042762340749
2025-12-08,Eagles,Chargers,Eagles,52.08865157622197
2025-12-08,Eagles,Chargers,Eagles,52.08865157622197
2025-12-08,Eagles,Chargers,Chargers,50.04527909496003
2025-12-08,Eagles,Chargers,Chargers,50.04527909496003
2025-12-11,Falcons,Buccaneers,Falcons,88.80042762340749
2025-12-11,Falcons,Buccaneers,Falcons,89.80042762340749
2025-12-11,Falcons,Buccaneers,Falcons,89.80042762340749
2025-12-11,Falcons,Buccaneers,Falcons,89.80042762340749
2025-12-11,Falcons,Buccaneers,Buccaneers,68.72211583386631
2025-12-11,Falcons,Buccaneers,Buccaneers,68.72211583386631
2025-12-11,Falcons,Buccaneers,Buccaneers,68.72211583386631
2025-12-11,Falcons,Buccaneers,Buccaneers,68.72211583386631
2025-12-14,Chargers,Chiefs,Chiefs,51.2730264671375
2025-12-14,Chargers,Chiefs,Chiefs,51.2730264671375
2025-12-14,Chargers,Chiefs,Chiefs,51.2730264671375
2025-12-14,Chargers,Chiefs,Chiefs,51.2730264671375
2025-12-14,Lions,Rams,Rams,69.20307622263391
2025-12-14,Lions,Rams,Rams,69.20307622263391
2025-12-14,Lions,Rams,Rams,69.20307622263391
2025-12-14,Lions,Rams,Rams,69.20307622263391
2025-12-14,Packers,Broncos,Broncos,64.10645834642189
2025-12-14,Packers,Broncos,Broncos,64.10645834642189
2025-12-14,Packers,Broncos,Broncos,64.10645834642189
2025-12-14,Packers,Broncos,Broncos,64.10645834642189
2025-12-14,Vikings,Cowboys,Cowboys,57.71651027759482
2025-12-14,Vikings,Cowboys,Cowboys,57.31651027759482
2025-12-14,Vikings,Cowboys,Cowboys,57.31651027759482
2025-12-14,Vikings,Cowboys,Cowboys,57.31651027759482
2025-12-14,Bills,Patriots,Patriots,62.9664310226087
2025-12-14,Bills,Patriots,Patriots,62.9664310226087
2025-12-14,Bills,Patriots,Patriots,62.9664310226087
2025-12-14,Bills,Patriots,Patriots,62.9664310226087
2025-12-14,Browns,Bears,Bears,77.68306534568477
2025-12-14,Browns,Bears,Bears,77.68306534568477
2025-12-14,Browns,Bears,Bears,77.68306534568477
2025-12-14,Browns,Bears,Bears,77.68306534568477
2025-12-14,Commanders,Giants,Giants,57.247941517489245
2025-12-14,Commanders,Giants,Giants,57.247941517489245
2025-12-14,Commanders,Giants,Giants,57.247941517489245
2025-12-14,Commanders,Giants,Giants,57.247941517489245
2025-12-14,Raiders,Eagles,Eagles,79.01772279198525
2025-12-14,Raiders,Eagles,Eagles,79.01772279198525
2025-12-14,Raiders,Eagles,Eagles,79.01772279198525
2025-12-14,Raiders,Eagles,Eagles,79.01772279198525
2025-12-14,Panthers,Saints,Panthers,52.36297065142559
2025-12-14,Panthers,Saints,Panthers,53.008905610775194
2025-12-14,Panthers,Saints,Panthers,53.008905610775194
2025-12-14,Panthers,Saints,Panthers,53.008905610775194
2025-12-14,Titans,49ers,49ers,75.27125304891193
2025-12-14,Titans,49ers,49ers,75.27125304891193
2025-12-14,Titans,49ers,49ers,75.27125304891193
2025-12-14,Titans,49ers,49ers,75.27125304891193
2025-12-14,Colts,Seahawks,Seahawks,53.970142252351785
2025-12-14,Colts,Seahawks,Seahawks,53.970142252351785
2025-12-14,Colts,Seahawks,Seahawks,53.970142252351785
2025-12-14,Colts,Seahawks,Seahawks,53.970142252351785
2025-12-14,Cardinals,Texans,Texans,66.97320161201338
2025-12-14,Cardinals,Texans,Texans,66.65909975505438
2025-12-14,Cardinals,Texans,Texans,66.65909975505438
2025-12-14,Cardinals,Texans,Texans,66.65909975505438
2025-12-14,Jets,Jaguars,Jaguars,74.82051859052788
2025-12-14,Jets,Jaguars,Jaguars,74.82051859052788
2025-12-14,Jets,Jaguars,Jaguars,74.82051859052788
2025-12-14,Jets,Jaguars,Jaguars,74.82051859052788
2025-12-14,Ravens,Bengals,Bengals,50.90273461268613
2025-12-14,Ravens,Bengals,Bengals,50.90273461268613
2025-12-14,Ravens,Bengals,Bengals,50.90273461268613
2025-12-14,Ravens,Bengals,Bengals,50.90273461268613
2025-12-14,Raiders,Eagles,Raiders,89.80042762340749
2025-12-14,Raiders,Eagles,Raiders,89.80042762340749
2025-12-14,Raiders,Eagles,Raiders,89.80042762340749
2025-12-14,Raiders,Eagles,Raiders,89.80042762340749
2025-12-14,Cardinals,Texans,Cardinals,89.80042762340749
2025-12-14,Cardinals,Texans,Cardinals,89.80042762340749
2025-12-14,Cardinals,Texans,Cardinals,89.80042762340749
2025-12-14,Cardinals,Texans,Cardinals,89.80042762340749
2025-12-14,Jets,Jaguars,Jets,89.80042762340749
2025-12-14,Jets,Jaguars,Jets,89.80042762340749
2025-12-14,Jets,Jaguars,Jets,89.80042762340749
2025-12-14,Jets,Jaguars,Jets,89.80042762340749
2025-12-14,Chargers,Chiefs,Chargers,89.80042762340749
2025-12-14,Chargers,Chiefs,Chargers,89.80042762340749
2025-12-14,Chargers,Chiefs,Chargers,89.80042762340749
2025-12-14,Chargers,Chiefs,Chargers,89.80042762340749
2025-12-14,Bills,Patriots,Bills,89.80042762340749
2025-12-14,Bills,Patriots,Bills,89.80042762340749
2025-12-14,Bills,Patriots,Bills,89.80042762340749
2025-12-14,Bills,Patriots,Bills,89.80042762340749
2025-12-14,Commanders,Giants,Commanders,89.80042762340749
2025-12-14,Commanders,Giants,Commanders,89.80042762340749
2025-12-14,Commanders,Giants,Commanders,89.80042762340749
2025-12-14,Commanders,Giants,Commanders,89.80042762340749
2025-12-14,Titans,49ers,Titans,89.80042762340749
2025-12-14,Titans,49ers,Titans,89.80042762340749
2025-12-14,Titans,49ers,Titans,89.80042762340749
2025-12-14,Titans,49ers,Titans,89.80042762340749
2025-12-14,Ravens,Bengals,Ravens,89.80042762340749
2025-12-14,Ravens,Bengals,Ravens,89.80042762340749
2025-12-14,Ravens,Bengals,Ravens,89.80042762340749
2025-12-14,Ravens,Bengals,Ravens,89.80042762340749
2025-12-14,Lions,Rams,Lions,89.80042762340749
2025-12-14,Lions,Rams,Lions,89.80042762340749
2025-12-14,Lions,Rams,Lions,89.80042762340749
2025-12-14,Lions,Rams,Lions,89.80042762340749
2025-12-14,Panthers,Saints,Panthers,89.80042762340749
2025-12-14,Panthers,Saints,Panthers,89.80042762340749
2025-12-14,Panthers,Saints,Panthers,89.80042762340749
2025-12-14,Panthers,Saints,Panthers,89.80042762340749
2025-12-14,Colts,Seahawks,Colts,89.80042762340749
2025-12-14,Colts,Seahawks,Colts,89.80042762340749
2025-12-14,Colts,Seahawks,Colts,89.80042762340749
2025-12-14,Colts,Seahawks,Colts,89.80042762340749
2025-12-14,Vikings,Cowboys,Vikings,89.80042762340749
2025-12-14,Vikings,Cowboys,Vikings,89.80042762340749
2025-12-14,Vikings,Cowboys,Vikings,89.80042762340749
2025-12-14,Vikings,Cowboys,Vikings,89.80042762340749
2025-12-14,Browns,Bears,Browns,89.80042762340749
2025-12-14,Browns,Bears,Browns,89.80042762340749
2025-12-14,Browns,Bears,Browns,89.80042762340749
2025-12-14,Browns,Bears,Browns,89.80042762340749
2025-12-14,Packers,Broncos,Packers,89.80042762340749
2025-12-14,Packers,Broncos,Packers,89.80042762340749
2025-12-14,Packers,Broncos,Packers,89.80042762340749
2025-12-14,Packers,Broncos,Packers,89.80042762340749
2025-12-15,Dolphins,Steelers,Dolphins,89.80042762340749
2025-12-15,Dolphins,Steelers,Dolphins,89.80042762340749
2025-12-15,Dolphins,Steelers,Dolphins,89.80042762340749
2025-12-15,Dolphins,Steelers,Dolphins,89.80042762340749
2025-12-15,Dolphins,Steelers,Steelers,64.10315252527701
2025-12-15,Dolphins,Steelers,Steelers,64.10315252527701
2025-12-15,Dolphins,Steelers,Steelers,64.10315252527701
2025-12-15,Dolphins,Steelers,Steelers,64.10315252527701
2025-12-18,Rams,Seahawks,Rams,89.80042762340749
2025-12-18,Rams,Seahawks,Rams,89.80042762340749
2025-12-18,Rams,Seahawks,Rams,89.80042762340749
2025-12-18,Rams,Seahawks,Rams,89.80042762340749
2025-12-18,Rams,Seahawks,Seahawks,54.045036177143814
2025-12-18,Rams,Seahawks,Seahawks,54.045036177143814
2025-12-18,Rams,Seahawks,Seahawks,54.045036177143814
2025-12-18,Rams,Seahawks,Seahawks,54.045036177143814
2025-12-21,Jets,Saints,Saints,68.43109505667248
2025-12-21,Jets,Saints,Saints,67.99578942315958
2025-12-21,Jets,Saints,Saints,67.99578942315958
2025-12-21,Jets,Saints,Saints,67.99578942315958
2025-12-21,Chargers,Cowboys,Chargers,88.80042762340749
2025-12-21,Chargers,Cowboys,Chargers,89.80042762340749
2025-12-21,Chargers,Cowboys,Chargers,89.80042762340749
2025-12-21,Chargers,Cowboys,Chargers,89.80042762340749
2025-12-21,Falcons,Cardinals,Cardinals,62.511552239814826
2025-12-21,Falcons,Cardinals,Cardinals,62.19745038285582
2025-12-21,Falcons,Cardinals,Cardinals,62.19745038285582
2025-12-21,Falcons,Cardinals,Cardinals,62.19745038285582
2025-12-21,Bills,Browns,Bills,58.988980396650234
2025-12-21,Bills,Browns,Bills,58.988980396650234
2025-12-21,Bills,Browns,Bills,58.988980396650234
2025-12-21,Bills,Browns,Bills,58.988980396650234
2025-12-21,Steelers,Lions,Lions,58.178249834963495
2025-12-21,Steelers,Lions,Lions,58.178249834963495
2025-12-21,Steelers,Lions,Lions,58.178249834963495
2025-12-21,Steelers,Lions,Lions,58.178249834963495
2025-12-21,Chiefs,Titans,Chiefs,58.9409752837816
2025-12-21,Chiefs,Titans,Chiefs,58.9409752837816
2025-12-21,Chiefs,Titans,Chiefs,58.9409752837816
2025-12-21,Chiefs,Titans,Chiefs,58.9409752837816
2025-12-21,Jaguars,Broncos,Broncos,69.16243382699489
2025-12-21,Jaguars,Broncos,Broncos,69.16243382699489
2025-12-21,Jaguars,Broncos,Broncos,69.16243382699489
2025-12-21,Jaguars,Broncos,Broncos,69.16243382699489
2025-12-21,Vikings,Giants,Vikings,89.80042762340749
2025-12-21,Vikings,Giants,Vikings,89.80042762340749
2025-12-21,Vikings,Giants,Vikings,89.80042762340749
2025-12-21,Vikings,Giants,Vikings,89.80042762340749
2025-12-21,Chargers,Cowboys,Cowboys,50.83887741732922
2025-12-21,Chargers,Cowboys,Cowboys,50.83887741732922
2025-12-21,Chargers,Cowboys,Cowboys,50.83887741732922
2025-12-21,Chargers,Cowboys,Cowboys,50.83887741732922
2025-12-21,Patriots,Ravens,Patriots,55.80917520325526
2025-12-21,Patriots,Ravens,Patriots,55.80917520325526
2025-12-21,Patriots,Ravens,Patriots,55.80917520325526
2025-12-21,Patriots,Ravens,Patriots,55.80917520325526
2025-12-21,Bengals,Dolphins,Bengals,89.80042762340749
2025-12-21,Bengals,Dolphins,Bengals,89.80042762340749
2025-12-21,Bengals,Dolphins,Bengals,89.80042762340749
2025-12-21,Bengals,Dolphins,Bengals,89.80042762340749
2025-12-21,Raiders,Texans,Texans,73.80437994709251
2025-12-21,Raiders,Texans,Texans,73.80437994709251
2025-12-21,Raiders,Texans,Texans,73.80437994709251
2025-12-21,Raiders,Texans,Texans,73.80437994709251
2025-12-21,Steelers,Lions,Steelers,89.80042762340749
2025-12-21,Steelers,Lions,Steelers,89.80042762340749
2025-12-21,Steelers,Lions,Steelers,89.80042762340749
2025-12-21,Steelers,Lions,Steelers,89.80042762340749
2025-12-21,Jaguars,Broncos,Jaguars,89.80042762340749
2025-12-21,Jaguars,Broncos,Jaguars,89.80042762340749
2025-12-21,Jaguars,Broncos,Jaguars,89.80042762340749
2025-12-21,Jaguars,Broncos,Jaguars,89.80042762340749
2025-12-21,Falcons,Cardinals,Falcons,89.80042762340749
2025-12-21,Falcons,Cardinals,Falcons,89.80042762340749
2025-12-21,Falcons,Cardinals,Falcons,89.80042762340749
2025-12-21,Falcons,Cardinals,Falcons,89.80042762340749
2025-12-21,Bengals,Dolphins,Dolphins,64.85539752252636
2025-12-21,Bengals,Dolphins,Dolphins,64.85539752252636
2025-12-21,Bengals,Dolphins,Dolphins,64.85539752252636
2025-12-21,Bengals,Dolphins,Dolphins,64.85539752252636
2025-12-21,Buccaneers,Panthers,Panthers,57.973691076583414
2025-12-21,Buccaneers,Panthers,Panthers,57.973691076583414
2025-12-21,Buccaneers,Panthers,Panthers,57.973691076583414
2025-12-21,Buccaneers,Panthers,Panthers,57.973691076583414
2025-12-21,Vikings,Giants,Vikings,51.95813617095866
2025-12-21,Vikings,Giants,Vikings,51.95813617095866
2025-12-21,Vikings,Giants,Vikings,51.95813617095866
2025-12-21,Vikings,Giants,Vikings,51.95813617095866
2025-12-21,Jets,Saints,Jets,89.80042762340749
2025-12-21,Jets,Saints,Jets,89.80042762340749
2025-12-21,Jets,Saints,Jets,89.80042762340749
2025-12-21,Jets,Saints,Jets,89.80042762340749
2025-12-21,Buccaneers,Panthers,Buccaneers,89.80042762340749
2025-12-21,Buccaneers,Panthers,Buccaneers,89.80042762340749
2025-12-21,Buccaneers,Panthers,Buccaneers,89.80042762340749
2025-12-21,Buccaneers,Panthers,Buccaneers,89.80042762340749
2025-12-21,Patriots,Ravens,Patriots,89.80042762340749
2025-12-21,Patriots,Ravens,Patriots,89.80042762340749
2025-12-21,Patriots,Ravens,Patriots,89.80042762340749
2025-12-21,Patriots,Ravens,Patriots,89.80042762340749
2025-12-21,Chiefs,Titans,Chiefs,89.80042762340749
2025-12-21,Chiefs,Titans,Chiefs,89.80042762340749
2025-12-21,Chiefs,Titans,Chiefs,89.80042762340749
2025-12-21,Chiefs,Titans,Chiefs,89.80042762340749
2025-12-21,Raiders,Texans,Raiders,89.80042762340749
2025-12-21,Raiders,Texans,Raiders,89.80042762340749
2025-12-21,Raiders,Texans,Raiders,89.80042762340749
2025-12-21,Raiders,Texans,Raiders,89.80042762340749
2025-12-21,Bills,Browns,Bills,89.80042762340749
2025-12-21,Bills,Browns,Bills,89.80042762340749
2025-12-21,Bills,Browns,Bills,89.80042762340749
2025-12-21,Bills,Browns,Bills,89.80042762340749
2025-12-22,49ers,Colts,49ers,88.80042762340749
2025-12-22,49ers,Colts,49ers,89.80042762340749
2025-12-22,49ers,Colts,49ers,89.80042762340749
2025-12-22,49ers,Colts,49ers,89.80042762340749
2025-12-22,49ers,Colts,Colts,67.44176014192564
2025-12-22,49ers,Colts,Colts,67.44176014192564
2025-12-22,49ers,Colts,Colts,67.44176014192564
2025-12-22,49ers,Colts,Colts,67.44176014192564
2025-12-25,Broncos,Chiefs,Broncos,89.80042762340749
2025-12-25,Broncos,Chiefs,Broncos,89.80042762340749
2025-12-25,Broncos,Chiefs,Broncos,89.80042762340749
2025-12-25,Broncos,Chiefs,Broncos,89.80042762340749
2025-12-25,Lions,Vikings,Lions,88.80042762340749
2025-12-25,Lions,Vikings,Lions,89.80042762340749
2025-12-25,Lions,Vikings,Lions,89.80042762340749
2025-12-25,Lions,Vikings,Lions,89.80042762340749
2025-12-25,Cowboys,Commanders,Cowboys,89.80042762340749
2025-12-25,Cowboys,Commanders,Cowboys,89.80042762340749
2025-12-25,Cowboys,Commanders,Cowboys,89.80042762340749
2025-12-25,Cowboys,Commanders,Cowboys,89.80042762340749
2025-12-25,Broncos,Chiefs,Broncos,55.35809725963999
2025-12-25,Broncos,Chiefs,Broncos,55.35809725963999
2025-12-25,Broncos,Chiefs,Broncos,55.35809725963999
2025-12-25,Broncos,Chiefs,Broncos,55.35809725963999
2025-12-25,Cowboys,Commanders,Cowboys,51.80111961600408
2025-12-25,Cowboys,Commanders,Cowboys,51.80111961600408
2025-12-25,Cowboys,Commanders,Cowboys,51.80111961600408
2025-12-25,Cowboys,Commanders,Cowboys,51.80111961600408
2025-12-25,Lions,Vikings,Vikings,52.605729226887796
2025-12-25,Lions,Vikings,Vikings,52.605729226887796
2025-12-25,Lions,Vikings,Vikings,52.605729226887796
2025-12-25,Lions,Vikings,Vikings,52.605729226887796
2025-12-28,Buccaneers,Dolphins,Buccaneers,89.80042762340749
2025-12-28,Buccaneers,Dolphins,Buccaneers,89.80042762340749
2025-12-28,Buccaneers,Dolphins,Buccaneers,89.80042762340749
2025-12-28,Buccaneers,Dolphins,Buccaneers,89.80042762340749
2025-12-28,Jaguars,Colts,Jaguars,89.80042762340749
2025-12-28,Jaguars,Colts,Jaguars,89.80042762340749
2025-12-28,Jaguars,Colts,Jaguars,89.80042762340749
2025-12-28,Jaguars,Colts,Jaguars,89.80042762340749
2025-12-28,Steelers,Browns,Steelers,89.80042762340749
2025-12-28,Steelers,Browns,Steelers,89.80042762340749
2025-12-28,Steelers,Browns,Steelers,89.80042762340749
2025-12-28,Steelers,Browns,Steelers,89.80042762340749
2025-12-28,Bears,49ers,Bears,88.80042762340749
2025-12-28,Bears,49ers,Bears,89.80042762340749
2025-12-28,Bears,49ers,Bears,89.80042762340749
2025-12-28,Bears,49ers,Bears,89.80042762340749
2025-12-28,Saints,Titans,Saints,89.80042762340749
2025-12-28,Saints,Titans,Saints,89.80042762340749
2025-12-28,Saints,Titans,Saints,89.80042762340749
2025-12-28,Saints,Titans,Saints,89.80042762340749
2025-12-28,Eagles,Bills,Eagles,89.80042762340749
2025-12-28,Eagles,Bills,Eagles,89.80042762340749
2025-12-28,Eagles,Bills,Eagles,89.80042762340749
2025-12-28,Eagles,Bills,Eagles,89.80042762340749
2025-12-28,Buccaneers,Dolphins,Dolphins,50.96464913309266
2025-12-28,Buccaneers,Dolphins,Dolphins,50.96464913309266
2025-12-28,Buccaneers,Dolphins,Dolphins,50.96464913309266
2025-12-28,Buccaneers,Dolphins,Dolphins,50.96464913309266
2025-12-28,Patriots,Jets,Patriots,60.22804694904404
2025-12-28,Patriots,Jets,Patriots,60.22804694904404
2025-12-28,Patriots,Jets,Patriots,60.22804694904404
2025-12-28,Patriots,Jets,Patriots,60.22804694904404
2025-12-28,Patriots,Jets,Patriots,89.80042762340749
2025-12-28,Patriots,Jets,Patriots,89.80042762340749
2025-12-28,Patriots,Jets,Patriots,89.80042762340749
2025-12-28,Patriots,Jets,Patriots,89.80042762340749
2025-12-28,Jaguars,Colts,Colts,68.6487588775226
2025-12-28,Jaguars,Colts,Colts,68.6487588775226
2025-12-28,Jaguars,Colts,Colts,68.6487588775226
2025-12-28,Jaguars,Colts,Colts,68.6487588775226
2025-12-28,Steelers,Browns,Steelers,53.25105743679337
2025-12-28 00:00:00.000000,Steelers,Browns,Steelers,53.25105743679337
2025-12-28 00:00:00.000000,Steelers,Browns,Steelers,53.25105743679337
2025-12-28 00:00:00.000000,Steelers,Browns,Steelers,53.25105743679337
2025-12-28 00:00:00.000000,Bears,49ers,49ers,50.586424835498
2025-12-28 00:00:00.000000,Bears,49ers,49ers,50.586424835498
2025-12-28 00:00:00.000000,Bears,49ers,49ers,50.586424835498
2025-12-28 00:00:00.000000,Bears,49ers,49ers,50.586424835498
2025-12-28 00:00:00.000000,Eagles,Bills,Bills,53.17327781804077
2025-12-28 00:00:00.000000,Eagles,Bills,Bills,53.17327781804077
2025-12-28 00:00:00.000000,Eagles,Bills,Bills,53.17327781804077
2025-12-28 00:00:00.000000,Eagles,Bills,Bills,53.17327781804077
2025-12-28 00:00:00.000000,Saints,Titans,Titans,62.03805836180024
2025-12-28 00:00:00.000000,Saints,Titans,Titans,62.03805836180024
2025-12-28 00:00:00.000000,Saints,Titans,Titans,62.03805836180024
2025-12-28 00:00:00.000000,Saints,Titans,Titans,62.03805836180024
2025-12-29 00:00:00.000000,Rams,Falcons,Rams,89.80042762340749
2025-12-29 00:00:00.000000,Rams,Falcons,Rams,89.80042762340749
2025-12-29 00:00:00.000000,Rams,Falcons,Rams,89.80042762340749
2025-12-29 00:00:00.000000,Rams,Falcons,Rams,89.80042762340749
2025-12-29 00:00:00.000000,Rams,Falcons,Rams,60.16961687800069
2025-12-29 00:00:00.000000,Rams,Falcons,Rams,60.16961687800069
2025-12-29 00:00:00.000000,Rams,Falcons,Rams,60.16961687800069
2025-12-29 00:00:00.000000,Rams,Falcons,Rams,60.16961687800069
2026-03-05 03:39:40.750733,Packers,Bears,Packers,89.80042762340749
2026-03-05 03:39:40.750882,Eagles,Commanders,Eagles,88.80042762340749
2026-03-05 03:39:40.754162,Seahawks,Panthers,Seahawks,89.80042762340749
2026-03-05 03:39:40.754272,Cardinals,Bengals,Cardinals,88.80042762340749
2026-03-05 03:39:40.754363,Ravens,Packers,Ravens,88.80042762340749
2026-03-05 03:39:40.754449,Texans,Chargers,Texans,89.80042762340749
2026-03-05 03:39:40.754548,Giants,Raiders,Giants,88.80042762340749
2026-03-05 03:39:40.754632,Saints,Falcons,Saints,89.80042762340749
2026-03-05 03:39:40.754714,Jets,Bills,Jets,88.80042762340749
2026-03-05 03:39:40.754795,Lions,Bears,Lions,89.80042762340749
2026-03-05 03:39:40.754874,Browns,Bengals,Browns,88.80042762340749
2026-03-05 03:39:40.754947,Chargers,Broncos,Chargers,89.80042762340749
2026-03-05 03:39:40.755020,Colts,Texans,Colts,89.80042762340749
2026-03-05 03:39:40.755119,Titans,Jaguars,Titans,89.80042762340749
2026-03-05 03:39:40.755198,Cardinals,Rams,Cardinals,89.80042762340749
2026-03-05 03:39:40.755272,Chiefs,Raiders,Chiefs,89.80042762340749
2026-03-05 03:39:40.755343,Packers,Vikings,Packers,89.80042762340749
2026-03-05 03:39:40.755415,Dolphins,Patriots,Dolphins,88.80042762340749
2026-03-05 03:39:40.755505,Cowboys,Giants,Cowboys,89.80042762340749
2026-03-05 03:39:40.755578,Commanders,Eagles,Commanders,89.80042762340749
2026-03-05 03:39:40.755651,Ravens,Steelers,Ravens,89.80042762340749
2026-03-05 03:39:40.755721,Seahawks,49ers,Seahawks,88.80042762340749
2026-03-05 03:39:40.755791,Panthers,Buccaneers,Panthers,89.80042762340749
